[
    {
      "itemtypename": "Heading/Information",
      "downstream": [
        {
          "itemtypename": "Heading/Information",
          "downstream": [
            {
              "itemtypename": "hj"
            }
          ]
        },
        {
          "itemtypename": "his",
          "downstream": [
            {
              "itemtypename": "Hellos"
            }
          ]
        }
      ]
    },
    {
      "itemtypename": "oii",
      "downstream": [
        {
          "itemtypename": "Heading Item Type",
          "downstream": [
            {
              "itemtypename": "oiis"
            }
          ]
        },
        {
          "itemtypename": "oii",
          "downstream": [
            {
              "itemtypename": "oiis"
            }
          ]
        }
      ]
    },
    {
      "itemtypename": "name",
      "downstream": [
        {
          "itemtypename": "name1",
          "downstream": [
            {
              "itemtypename": "name2"
            }
          ]
        },
        {
          "itemtypename": "name3",
          "downstream": [
            {
              "itemtypename": "name4"
            }
          ]
        }
      ]
    }    
  ]