{
    "test_label": "Test Cases",
    "test_value": "23.6",
    "labels": [
      "January",
      "February",
      "March",
      "April",
      "May",
      "June",
      "July",
      "August",
      "September",
      "October",
      "November",
      "December",
      "January",
      "February",
      "March",
      "April"
    ],
    "datasets": [
      {
        "label": "My First dataset",
        "backgroundColor": "rgba(255,255,255,.2)",
        "borderColor": "rgba(255,255,255,.55)",
        "data": [78, 81, 80, 45, 34, 12, 40, 85, 65, 23, 12, 98, 34, 84, 67, 82],
        "barPercentage": 0.6
      }
    ]
  }