[
    {
        "itemid":1,
        "name":"test1",
        "downstream":
        {
            "itemid":2,
            "name":"test2",
            "downstream":
            {
                "itemid":3,
                "name":"test3"      
            }
        }
    },
    {
        "itemid":1,
        "name":"test1-2",
        "downstream":
        {
            "itemid":2,
            "name":"test2-2",
            "downstream":
            {
                "itemid":4,
                "name":"test4-2"      
            }
        }
    },
    {
        "itemid":1,
        "name":"test1-3",
        "downstream":
        {
            "itemid":2,
            "name":"test2-3",
            "downstream":
            {
                "itemid":3,
                "name":"test3-3",   
                "downstream":
                {
                    "itemid":5,
                    "name":"test5-3",
                    "downstream":
                    {
                        "itemid":6,
                        "name":"test6-3"      
                    }
                }
            }
            
        }
    }
]