{
  "name": "roots",
  "gid": "R0001","project":"161","projectname":"project name","itemtypename":"1","itemid":"item id","description":"desc",
  "itemtype": 1,
  "downstream":[
   {
      "name": "1 This is a long text with a line break in the mgiddle.\nHere is the second line. Here is the fourth line comes here",
      "gid": "R0002","project":"161","projectname":"project name","itemtypename":"2","itemid":"1","description":"1 This is a long text with a line break in the mgiddle.\nHere is the second line. Here is the fourth line comes here",
      "itemtype": 2,
      "downstream": [
         {
            "name": "2 This is a long text with a line break in the mgiddle.\nHere is the second line. Here is the fourth line comes here",
            "gid": "R0003","project":"161","projectname":"project name","itemtypename":"2","itemid":"item id","description":"1 This is a long text with a line break in the mgiddle.\nHere is the second line. Here is the fourth line comes here",
            "itemtype": 2,
            "downstream": [
               {
                  "name": "child of a.1",
                  "gid": "R0004","project":"161","projectname":"project name","itemtypename":"4","itemid":"item id","description":"1 This is a long text with a line break in the mgiddle.\nHere is the second line. Here is the fourth line comes here",
                  "itemtype": 3,
                  "downstream": [
                     {
                        "name": "child of a.1",
                        "gid": "R0005","project":"161","projectname":"project name","itemtypename":"5","itemid":"item id","description":"1 This is a long text with a line break in the mgiddle.\nHere is the second line. Here is the fourth line comes here",
                        "itemtype": 3,
                        "downstream": [
                           {
                              "name": "child of a.1",
                              "gid": "R0001","project":"161","projectname":"project name","itemtypename":"6","itemid":"item id","description":"1 This is a long text with a line break in the mgiddle.\nHere is the second line. Here is the fourth line comes here",
                              "itemtype": 3,
                              "downstream": [
                                 {
                                    "name": "child of a.1",
                                    "gid": "R0001","project":"161","projectname":"project name","itemtypename":"7","itemid":"item id","description":"1 This is a long text with a line break in the mgiddle.\nHere is the second line. Here is the fourth line comes here",
                                    "itemtype": 3,
                                    "downstream": [
                                       {
                                          "name": "Failed","gid": "R0001","description":"1 This is a long text with a line break in the mgiddle.\nHere is the second line. Here is the fourth line comes here",
                                          "itemtype": 4
                                       },
                                       {
                                          "name": "Failed","gid": "R0001","description":"1 This is a long text with a line break in the mgiddle.\nHere is the second line. Here is the fourth line comes here",
                                          "itemtype": 4
                                       },
                                       {
                                          "name": "Failed","gid": "R0001","description":"1 This is a long text with a line break in the mgiddle.\nHere is the second line. Here is the fourth line comes here",
                                          "itemtype": 4
                                       }
                                    ]
                                 }
                              ]
                           }
                        ]
                     }
                  ]
               }
            ]
         },
         {
            "name": "3 This is a long text with a line break in the mgiddle.\nHere is the second line. Here is the fourth line comes here",
            "gid": "R0001","project":"161","projectname":"project name","itemtypename":"11","itemid":"item id","description":"1 This is a long text with a line break in the mgiddle.\nHere is the second line. Here is the fourth line comes here",
            "itemtype": 2,
            "downstream": [
               {
                  "name": "child of a.1",
                  "gid": "R0001","project":"161","projectname":"project name","itemtypename":"12","itemid":"item id","description":"1 This is a long text with a line break in the mgiddle.\nHere is the second line. Here is the fourth line comes here",
                  "itemtype": 3,
                  "downstream": [
                     {
                        "name": "child of a.1",
                        "gid": "R0001","project":"161","projectname":"project name","itemtypename":"13","itemid":"item id","description":"1 This is a long text with a line break in the mgiddle.\nHere is the second line. Here is the fourth line comes here",
                        "itemtype": 3,
                        "downstream": [
                           {
                              "name": "child of a.1",
                              "gid": "R0001","project":"161","projectname":"project name","itemtypename":"14","itemid":"item id","description":"1 This is a long text with a line break in the mgiddle.\nHere is the second line. Here is the fourth line comes here",
                              "itemtype": 3,
                              "downstream": [
                                 {
                                    "name": "child of a.1",
                                    "gid": "R0001","project":"161","projectname":"project name","itemtypename":"15","itemid":"item id","description":"1 This is a long text with a line break in the mgiddle.\nHere is the second line. Here is the fourth line comes here",
                                    "itemtype": 3,
                                    "downstream": [
                                       {
                                          "name": "Failed","gid": "R0001","description":"1 This is a long text with a line break in the mgiddle.\nHere is the second line. Here is the fourth line comes here",
                                          "itemtype": 4
                                       },
                                       {
                                          "name": "Failed","gid": "R0001","description":"1 This is a long text with a line break in the mgiddle.\nHere is the second line. Here is the fourth line comes here",
                                          "itemtype": 4
                                       },
                                       {
                                          "name": "Failed","gid": "R0001","description":"1 This is a long text with a line break in the mgiddle.\nHere is the second line. Here is the fourth line comes here",
                                          "itemtype": 4
                                       }
                                    ]
                                 }
                              ]
                           }
                        ]
                     }
                  ]
               }
            ]
         },
         {
            "name": "4 This is a long text with a line break in the mgiddle.\nHere is the second line. Here is the fourth line comes here",
            "gid": "R0001","project":"161","projectname":"project name","itemtypename":"21","itemid":"item id","description":"1 This is a long text with a line break in the mgiddle.\nHere is the second line. Here is the fourth line comes here",
            "itemtype": 2,
            "downstream": [
               {
                  "name": "child of a.1",
                  "gid": "R0001","project":"161","projectname":"project name","itemtypename":"22","itemid":"item id","description":"1 This is a long text with a line break in the mgiddle.\nHere is the second line. Here is the fourth line comes here",
                  "itemtype": 3,
                  "downstream": [
                     {
                        "name": "child of a.1",
                        "gid": "R0001","project":"161","projectname":"project name","itemtypename":"23","itemid":"item id","description":"1 This is a long text with a line break in the mgiddle.\nHere is the second line. Here is the fourth line comes here",
                        "itemtype": 3,
                        "downstream": [
                           {
                              "name": "child of a.1",
                              "gid": "R0001","project":"161","projectname":"project name","itemtypename":"24","itemid":"item id","description":"1 This is a long text with a line break in the mgiddle.\nHere is the second line. Here is the fourth line comes here",
                              "itemtype": 3,
                              "downstream": [
                                 {
                                    "name": "child of a.1",
                                    "gid": "R0001","project":"161","projectname":"project name","itemtypename":"25","itemid":"item id","description":"1 This is a long text with a line break in the mgiddle.\nHere is the second line. Here is the fourth line comes here",
                                    "itemtype": 3,
                                    "downstream": [
                                       {
                                          "name": "Failed","gid": "R0001","description":"1 This is a long text with a line break in the mgiddle.\nHere is the second line. Here is the fourth line comes here",
                                          "itemtype": 4
                                       },
                                       {
                                          "name": "Failed","gid": "R0001","description":"1 This is a long text with a line break in the mgiddle.\nHere is the second line. Here is the fourth line comes here",
                                          "itemtype": 4
                                       },
                                       {
                                          "name": "Failed","gid": "R0001","description":"1 This is a long text with a line break in the mgiddle.\nHere is the second line. Here is the fourth line comes here",
                                          "itemtype": 4
                                       }
                                    ]
                                 }
                              ]
                           }
                        ]
                     }
                  ]
               }
            ]
         }
      ]
   },
   {
      "name": "1 This is a long text with a line break in the mgiddle.\nHere is the second line. Here is the fourth line comes here",
      "gid": "R0006","project":"161","projectname":"project name","itemtypename":"101","itemid":"2","description":"1 This is a long text with a line break in the mgiddle.\nHere is the second line. Here is the fourth line comes here",
      "itemtype": 2,
      "downstream": [
         {
            "name": "2 This is a long text with a line break in the mgiddle.\nHere is the second line. Here is the fourth line comes here",
            "gid": "R0007","project":"161","projectname":"project name","itemtypename":"102","itemid":"3","description":"1 This is a long text with a line break in the mgiddle.\nHere is the second line. Here is the fourth line comes here",
            "itemtype": 2,
            "downstream": [
               {
                  "name": "child of a.1",
                  "gid": "R0008","project":"161","projectname":"project name","itemtypename":"103","itemid":"item id","description":"1 This is a long text with a line break in the mgiddle.\nHere is the second line. Here is the fourth line comes here",
                  "itemtype": 3,
                  "downstream": [
                     {
                        "name": "child of a.1",
                        "gid": "R0001","project":"161","projectname":"project name","itemtypename":"104","itemid":"item id","description":"1 This is a long text with a line break in the mgiddle.\nHere is the second line. Here is the fourth line comes here",
                        "itemtype": 3,
                        "downstream": [
                           {
                              "name": "child of a.1",
                              "gid": "R0001","project":"161","projectname":"project name","itemtypename":"105","itemid":"item id","description":"1 This is a long text with a line break in the mgiddle.\nHere is the second line. Here is the fourth line comes here",
                              "itemtype": 3,
                              "downstream": [
                                 {
                                    "name": "child of a.1",
                                    "gid": "R0001","project":"161","projectname":"project name","itemtypename":"106","itemid":"item id","description":"1 This is a long text with a line break in the mgiddle.\nHere is the second line. Here is the fourth line comes here",
                                    "itemtype": 3,
                                    "downstream": [
                                       {
                                          "name": "Failed","gid": "R0001","description":"1 This is a long text with a line break in the mgiddle.\nHere is the second line. Here is the fourth line comes here",
                                          "itemtype": 4
                                       },
                                       {
                                          "name": "Failed","gid": "R0001","description":"1 This is a long text with a line break in the mgiddle.\nHere is the second line. Here is the fourth line comes here",
                                          "itemtype": 4
                                       },
                                       {
                                          "name": "Failed","gid": "R0001","description":"1 This is a long text with a line break in the mgiddle.\nHere is the second line. Here is the fourth line comes here",
                                          "itemtype": 4
                                       }
                                    ]
                                 }
                              ]
                           }
                        ]
                     }
                  ]
               }
            ]
         },
         {
            "name": "3 This is a long text with a line break in the mgiddle.\nHere is the second line. Here is the fourth line comes here",
            "gid": "R0001","project":"161","projectname":"project name","itemtypename":"111","itemid":"item id","description":"1 This is a long text with a line break in the mgiddle.\nHere is the second line. Here is the fourth line comes here",
            "itemtype": 2,
            "downstream": [
               {
                  "name": "child of a.1",
                  "gid": "R0001","project":"161","projectname":"project name","itemtypename":"112","itemid":"item id","description":"1 This is a long text with a line break in the mgiddle.\nHere is the second line. Here is the fourth line comes here",
                  "itemtype": 3,
                  "downstream": [
                     {
                        "name": "child of a.1",
                        "gid": "R0001","project":"161","projectname":"project name","itemtypename":"113","itemid":"item id","description":"1 This is a long text with a line break in the mgiddle.\nHere is the second line. Here is the fourth line comes here",
                        "itemtype": 3,
                        "downstream": [
                           {
                              "name": "child of a.1",
                              "gid": "R0001","project":"161","projectname":"project name","itemtypename":"114","itemid":"item id","description":"1 This is a long text with a line break in the mgiddle.\nHere is the second line. Here is the fourth line comes here",
                              "itemtype": 3,
                              "downstream": [
                                 {
                                    "name": "child of a.1",
                                    "gid": "R0001","project":"161","projectname":"project name","itemtypename":"115","itemid":"item id","description":"1 This is a long text with a line break in the mgiddle.\nHere is the second line. Here is the fourth line comes here",
                                    "itemtype": 3,
                                    "downstream": [
                                       {
                                          "name": "Failed","gid": "R0001","description":"1 This is a long text with a line break in the mgiddle.\nHere is the second line. Here is the fourth line comes here",
                                          "itemtype": 4
                                       },
                                       {
                                          "name": "Failed","gid": "R0001","description":"1 This is a long text with a line break in the mgiddle.\nHere is the second line. Here is the fourth line comes here",
                                          "itemtype": 4
                                       },
                                       {
                                          "name": "Failed","gid": "R0001","description":"1 This is a long text with a line break in the mgiddle.\nHere is the second line. Here is the fourth line comes here",
                                          "itemtype": 4
                                       }
                                    ]
                                 }
                              ]
                           }
                        ]
                     }
                  ]
               }
            ]
         },
         {
            "name": "4 This is a long text with a line break in the mgiddle.\nHere is the second line. Here is the fourth line comes here",
            "gid": "R0001","project":"161","projectname":"project name","itemtypename":"116","itemid":"item id","description":"1 This is a long text with a line break in the mgiddle.\nHere is the second line. Here is the fourth line comes here",
            "itemtype": 2,
            "downstream": [
               {
                  "name": "child of a.1",
                  "gid": "R0001","project":"161","projectname":"project name","itemtypename":"117","itemid":"item id","description":"1 This is a long text with a line break in the mgiddle.\nHere is the second line. Here is the fourth line comes here",
                  "itemtype": 3,
                  "downstream": [
                     {
                        "name": "child of a.1",
                        "gid": "R0001","project":"161","projectname":"project name","itemtypename":"118","itemid":"item id","description":"1 This is a long text with a line break in the mgiddle.\nHere is the second line. Here is the fourth line comes here",
                        "itemtype": 3,
                        "downstream": [
                           {
                              "name": "child of a.1",
                              "gid": "R0001","project":"161","projectname":"project name","itemtypename":"119","itemid":"item id","description":"1 This is a long text with a line break in the mgiddle.\nHere is the second line. Here is the fourth line comes here",
                              "itemtype": 3,
                              "downstream": [
                                 {
                                    "name": "child of a.1",
                                    "gid": "R0001","project":"161","projectname":"project name","itemtypename":"120","itemid":"item id","description":"1 This is a long text with a line break in the mgiddle.\nHere is the second line. Here is the fourth line comes here",
                                    "itemtype": 3,
                                    "downstream": [
                                       {
                                          "name": "Failed","gid": "R0001","description":"1 This is a long text with a line break in the mgiddle.\nHere is the second line. Here is the fourth line comes here",
                                          "itemtype": 4
                                       },
                                       {
                                          "name": "Failed","gid": "R0001","description":"1 This is a long text with a line break in the mgiddle.\nHere is the second line. Here is the fourth line comes here",
                                          "itemtype": 4
                                       },
                                       {
                                          "name": "Failed","gid": "R0001","description":"1 This is a long text with a line break in the mgiddle.\nHere is the second line. Here is the fourth line comes here",
                                          "itemtype": 4
                                       }
                                    ]
                                 }
                              ]
                           }
                        ]
                     }
                  ]
               }
            ]
         }
      ]
   }         
  ]
}