[
  {
    "name": "1 <h1>This is a long</h1> text with<div class='class' style='color':'red;'>hello</div>a line break in the mgiddle. Here is the second line. Here is the fourth line comes here",
    "itemid": 1,
    "project": 169,
    "projectname": 1,
    "itemtype": 1,
    "itemtypename": "1s",
    "gid": "R0001",
    "description": "1 <h1>This is a long</h1> text with<div style='color':'red;'>hello</div>a <b>line</b> break in the mgiddle. Here is the second line. Here is the fourth line comes here",
    "downstream": [
      {
        "name": "1 <h1>This is a long</h1> text with<div class='class' style='color':'red;'>hello</div>a line break in the mgiddle. Here is the second line. Here is the fourth line comes here",
        "itemid": 2,
        "project": 169,
        "projectname": 1,
        "itemtype": 2,
        "itemtypename": "2s",
        "gid": "R0001",
        "description": "1 <h1>This is a long</h1> text with<div style='color':'red;'>hello</div>a <b>line</b> break in the mgiddle. Here is the second line. Here is the fourth line comes here",
        "downstream": [
          {
            "name": "1 <h1>This is a long</h1> text with<div class='class' style='color':'red;'>hello</div>a line break in the mgiddle. Here is the second line. Here is the fourth line comes here",
            "itemid": 1,
            "project": 169,
            "projectname": 1,
            "itemtype": 3,
            "itemtypename": "3s",
            "gid": "R0001",
            "description": "1 <h1>This is a long</h1> text with<div style='color':'red;'>hello</div>a <b>line</b> break in the mgiddle. Here is the second line. Here is the fourth line comes here",
            "downstream": []
          },
          {
            "name": "1 <h1>This is a long</h1> text with<div class='class' style='color':'red;'>hello</div>a line break in the mgiddle. Here is the second line. Here is the fourth line comes here",
            "itemid": 3,
            "project": 169,
            "projectname": 1,
            "itemtype": 4,
            "itemtypename": "4s",
            "gid": "R0001",
            "description": "1 <h1>This is a long</h1> text with<div style='color':'red;'>hello</div>a <b>line</b> break in the mgiddle. Here is the second line. Here is the fourth line comes here",
            "downstream": [
              {
                "name": "1 <h1>This is a long</h1> text with<div class='class' style='color':'red;'>hello</div>a line break in the mgiddle. Here is the second line. Here is the fourth line comes here",
                "itemid": 5,
                "project": 169,
                "projectname": 1,
                "itemtype": 5,
                "itemtypename": "5s",
                "gid": "R0001",
                "description": "1 <h1>This is a long</h1> text with<div style='color':'red;'>hello</div>a <b>line</b> break in the mgiddle. Here is the second line. Here is the fourth line comes here",
                "downstream": [
                  {
                    "name": "1 <h1>This is a long</h1> text with<div class='class' style='color':'red;'>hello</div>a line break in the mgiddle. Here is the second line. Here is the fourth line comes here",
                    "itemid": 6,
                    "project": 169,
                    "projectname": 1,
                    "itemtype": 6,
                    "itemtypename": "6s",
                    "gid": "R0001",
                    "description": "1 <h1>This is a long</h1> text with<div style='color':'red;'>hello</div>a <b>line</b> break in the mgiddle. Here is the second line. Here is the fourth line comes here",
                    "downstream": []
                  }
                ]
              }
            ]
          }
        ]
      }
    ]
  },
  {
    "name": "1 <h1>This is a long</h1> text with<div class='class' style='color':'red;'>hello</div>a line break in the mgiddle. Here is the second line. Here is the fourth line comes here",
    "itemid": 15,
    "project": 169,
    "projectname": 1,
    "itemtype": 1,
    "itemtypename": "1s",
    "gid": "R0001",
    "description": "1 <h1>This is a long</h1> text with<div style='color':'red;'>hello</div>a <b>line</b> break in the mgiddle. Here is the second line. Here is the fourth line comes here",
    "downstream": [
      {
        "name": "1 <h1>This is a long</h1> text with<div class='class' style='color':'red;'>hello</div>a line break in the mgiddle. Here is the second line. Here is the fourth line comes here",
        "itemid": 2,
        "project": 169,
        "projectname": 1,
        "itemtype": 8,
        "itemtypename": "8s",
        "gid": "R0001",
        "description": "1 <h1>This is a long</h1> text with<div style='color':'red;'>hello</div>a <b>line</b> break in the mgiddle. Here is the second line. Here is the fourth line comes here",
        "downstream": [
          {
            "name": "1 <h1>This is a long</h1> text with<div class='class' style='color':'red;'>hello</div>a line break in the mgiddle. Here is the second line. Here is the fourth line comes here",
            "itemid": 3,
            "project": 169,
            "projectname": 1,
            "itemtype": 9,
            "itemtypename": "9s",
            "gid": "R0001",
            "description": "1 <h1>This is a long</h1> text with<div style='color':'red;'>hello</div>a <b>line</b> break in the mgiddle. Here is the second line. Here is the fourth line comes here",
            "downstream": []
          }
        ]
      }
    ]
  },
  {
    "name": "1 <h1>This is a long</h1> text with<div class='class' style='color':'red;'>hello</div>a line break in the mgiddle. Here is the second line. Here is the fourth line comes here",
    "itemid": 12,
    "project": 169,
    "projectname": 1,
    "itemtype": 10,
    "itemtypename": "10s",
    "gid": "R0001",
    "description": "1 <h1>This is a long</h1> text with<div style='color':'red;'>hello</div>a <b>line</b> break in the mgiddle. Here is the second line. Here is the fourth line comes here",
    "downstream": [
      {
        "name": "1 <h1>This is a long</h1> text with<div class='class' style='color':'red;'>hello</div>a line break in the mgiddle. Here is the second line. Here is the fourth line comes here",
        "itemid": 2,
        "project": 169,
        "projectname": 11,
        "itemtype": "11s",
        "itemtypename": "Heading/Information",
        "gid": "R0001",
        "description": "1 <h1>This is a long</h1> text with<div style='color':'red;'>hello</div>a <b>line</b> break in the mgiddle. Here is the second line. Here is the fourth line comes here",
        "downstream": [
          {
            "name": "1 <h1>This is a long</h1> text with<div class='class' style='color':'red;'>hello</div>a line break in the mgiddle. Here is the second line. Here is the fourth line comes here",
            "itemid": 3,
            "project": 169,
            "projectname": 1,
            "itemtype": 12,
            "itemtypename": "13s",
            "gid": "R0001",
            "description": "1 <h1>This is a long</h1> text with<div style='color':'red;'>hello</div>a <b>line</b> break in the mgiddle. Here is the second line. Here is the fourth line comes here",
            "downstream": []
          },
          {
            "name": "1 <h1>This is a long</h1> text with<div class='class' style='color':'red;'>hello</div>a line break in the mgiddle. Here is the second line. Here is the fourth line comes here",
            "itemid": 4,
            "project": 169,
            "projectname": 1,
            "itemtype": "13",
            "itemtypename": "13s",
            "gid": "R0001",
            "description": "1 <h1>This is a long</h1> text with<div style='color':'red;'>hello</div>a <b>line</b> break in the mgiddle. Here is the second line. Here is the fourth line comes here",
            "downstream": []
          }
        ]
      }
    ]
  }
]