[
    {
        "id":1,
        "name":"test1",
        "downstream":
        {
            "id":2,
            "name":"test1",
            "downstream":
            {
                "id":3,
                "name":"test1"      
            }
        }
    },
    {
        "id":1,
        "name":"test1",
        "downstream":
        {
            "id":2,
            "name":"test1",
            "downstream":
            {
                "id":4,
                "name":"test1"      
            }
        }
    },
    {
        "id":1,
        "name":"test1",
        "downstream":
        {
            "id":2,
            "name":"test1",
            "downstream":
            {
                "id":3,
                "name":"test1",   
                "downstream":
                {
                    "id":5,
                    "name":"test1",
                    "downstream":
                    {
                        "id":6,
                        "name":"test1"      
                    }
                }
            }
            
        }
    }
]