{
  "name": "roots",
  "gid": "R0001","project":"161","projectname":"project name","itemtypename":"item type name","itemid":"item id","description":"desc",
  "itemtype": 1,
  "downstream":[
   {
      "name": "1 This is a long text with a line break in the mgiddle.\nHere is the second line. Here is the fourth line comes here",
      "gid": "R0001","project":"161","projectname":"project name","itemtypename":"item type name","itemid":"item id","description":"1 This is a long text with a line break in the mgiddle.\nHere is the second line. Here is the fourth line comes here",
      "itemtype": 2,
      "downstream": [
         {
            "name": "2 This is a long text with a line break in the mgiddle.\nHere is the second line. Here is the fourth line comes here",
            "gid": "R0001","project":"161","projectname":"project name","itemtypename":"item type name","itemid":"item id","description":"1 This is a long text with a line break in the mgiddle.\nHere is the second line. Here is the fourth line comes here",
            "itemtype": 2,
            "downstream": [
               {
                  "name": "child of a.1",
                  "gid": "R0001","project":"161","projectname":"project name","itemtypename":"item type name","itemid":"item id","description":"1 This is a long text with a line break in the mgiddle.\nHere is the second line. Here is the fourth line comes here",
                  "itemtype": 3,
                  "downstream": [
                     {
                        "name": "child of a.1",
                        "gid": "R0001","project":"161","projectname":"project name","itemtypename":"item type name","itemid":"item id","description":"1 This is a long text with a line break in the mgiddle.\nHere is the second line. Here is the fourth line comes here",
                        "itemtype": 3,
                        "downstream": [
                           {
                              "name": "child of a.1",
                              "gid": "R0001","project":"161","projectname":"project name","itemtypename":"item type name","itemid":"item id","description":"1 This is a long text with a line break in the mgiddle.\nHere is the second line. Here is the fourth line comes here",
                              "itemtype": 3,
                              "downstream": [
                                 {
                                    "name": "child of a.1",
                                    "gid": "R0001","project":"161","projectname":"project name","itemtypename":"item type name","itemid":"item id","description":"1 This is a long text with a line break in the mgiddle.\nHere is the second line. Here is the fourth line comes here",
                                    "itemtype": 3,
                                    "downstream": [
                                       {
                                          "name": "Failed","gid": "R0001","description":"1 This is a long text with a line break in the mgiddle.\nHere is the second line. Here is the fourth line comes here",
                                          "itemtype": 4
                                       },
                                       {
                                          "name": "Failed","gid": "R0001","description":"1 This is a long text with a line break in the mgiddle.\nHere is the second line. Here is the fourth line comes here",
                                          "itemtype": 4
                                       },
                                       {
                                          "name": "Failed","gid": "R0001","description":"1 This is a long text with a line break in the mgiddle.\nHere is the second line. Here is the fourth line comes here",
                                          "itemtype": 4
                                       }
                                    ]
                                 }
                              ]
                           }
                        ]
                     }
                  ]
               }
            ]
         },
         {
            "name": "3 This is a long text with a line break in the mgiddle.\nHere is the second line. Here is the fourth line comes here",
            "gid": "R0001","project":"161","projectname":"project name","itemtypename":"item type name","itemid":"item id","description":"1 This is a long text with a line break in the mgiddle.\nHere is the second line. Here is the fourth line comes here",
            "itemtype": 2,
            "downstream": [
               {
                  "name": "child of a.1",
                  "gid": "R0001","project":"161","projectname":"project name","itemtypename":"item type name","itemid":"item id","description":"1 This is a long text with a line break in the mgiddle.\nHere is the second line. Here is the fourth line comes here",
                  "itemtype": 3,
                  "downstream": [
                     {
                        "name": "child of a.1",
                        "gid": "R0001","project":"161","projectname":"project name","itemtypename":"item type name","itemid":"item id","description":"1 This is a long text with a line break in the mgiddle.\nHere is the second line. Here is the fourth line comes here",
                        "itemtype": 3,
                        "downstream": [
                           {
                              "name": "child of a.1",
                              "gid": "R0001","project":"161","projectname":"project name","itemtypename":"item type name","itemid":"item id","description":"1 This is a long text with a line break in the mgiddle.\nHere is the second line. Here is the fourth line comes here",
                              "itemtype": 3,
                              "downstream": [
                                 {
                                    "name": "child of a.1",
                                    "gid": "R0001","project":"161","projectname":"project name","itemtypename":"item type name","itemid":"item id","description":"1 This is a long text with a line break in the mgiddle.\nHere is the second line. Here is the fourth line comes here",
                                    "itemtype": 3,
                                    "downstream": [
                                       {
                                          "name": "Failed","gid": "R0001","description":"1 This is a long text with a line break in the mgiddle.\nHere is the second line. Here is the fourth line comes here",
                                          "itemtype": 4
                                       },
                                       {
                                          "name": "Failed","gid": "R0001","description":"1 This is a long text with a line break in the mgiddle.\nHere is the second line. Here is the fourth line comes here",
                                          "itemtype": 4
                                       },
                                       {
                                          "name": "Failed","gid": "R0001","description":"1 This is a long text with a line break in the mgiddle.\nHere is the second line. Here is the fourth line comes here",
                                          "itemtype": 4
                                       }
                                    ]
                                 }
                              ]
                           }
                        ]
                     }
                  ]
               }
            ]
         },
         {
            "name": "4 This is a long text with a line break in the mgiddle.\nHere is the second line. Here is the fourth line comes here",
            "gid": "R0001","project":"161","projectname":"project name","itemtypename":"item type name","itemid":"item id","description":"1 This is a long text with a line break in the mgiddle.\nHere is the second line. Here is the fourth line comes here",
            "itemtype": 2,
            "downstream": [
               {
                  "name": "child of a.1",
                  "gid": "R0001","project":"161","projectname":"project name","itemtypename":"item type name","itemid":"item id","description":"1 This is a long text with a line break in the mgiddle.\nHere is the second line. Here is the fourth line comes here",
                  "itemtype": 3,
                  "downstream": [
                     {
                        "name": "child of a.1",
                        "gid": "R0001","project":"161","projectname":"project name","itemtypename":"item type name","itemid":"item id","description":"1 This is a long text with a line break in the mgiddle.\nHere is the second line. Here is the fourth line comes here",
                        "itemtype": 3,
                        "downstream": [
                           {
                              "name": "child of a.1",
                              "gid": "R0001","project":"161","projectname":"project name","itemtypename":"item type name","itemid":"item id","description":"1 This is a long text with a line break in the mgiddle.\nHere is the second line. Here is the fourth line comes here",
                              "itemtype": 3,
                              "downstream": [
                                 {
                                    "name": "child of a.1",
                                    "gid": "R0001","project":"161","projectname":"project name","itemtypename":"item type name","itemid":"item id","description":"1 This is a long text with a line break in the mgiddle.\nHere is the second line. Here is the fourth line comes here",
                                    "itemtype": 3,
                                    "downstream": [
                                       {
                                          "name": "Failed","gid": "R0001","description":"1 This is a long text with a line break in the mgiddle.\nHere is the second line. Here is the fourth line comes here",
                                          "itemtype": 4
                                       },
                                       {
                                          "name": "Failed","gid": "R0001","description":"1 This is a long text with a line break in the mgiddle.\nHere is the second line. Here is the fourth line comes here",
                                          "itemtype": 4
                                       },
                                       {
                                          "name": "Failed","gid": "R0001","description":"1 This is a long text with a line break in the mgiddle.\nHere is the second line. Here is the fourth line comes here",
                                          "itemtype": 4
                                       }
                                    ]
                                 }
                              ]
                           }
                        ]
                     }
                  ]
               }
            ]
         }
      ]
   }   
  ]
}