[
    {
      "id" : "1",
      "title" : "Lorem Ipsum is simply dummy text of the printing and typesetting industry. Lorem Ipsum has been the industry's standard dummy text ever since the 1500s, when an unknown printer took a galley of type and scrambled it to make a type specimen book. It has survived not only five centuries, ",
      "ome" : "processed",
      "status" : "processed",
      "status_code" : "bg-success"
    },
    {
      "id" : "2",
      "title" : "Lorem Ipsum is simply dummy text of the printing and typesetting industry. Lorem Ipsum has been the industry's standard dummy text ever since the 1500s, when an unknown printer took a galley of type and scrambled it to make a type specimen book. It has survived not only five centuries, ",
      "ome" : "Progress",
      "status" : "Progress",
      "status_code" : "bg-success"
    },
    {
      "id" : "3",
      "title" : "Lorem Ipsum is simply dummy text of the printing and typesetting industry. Lorem Ipsum has been the industry's standard dummy text ever since the 1500s, when an unknown printer took a galley of type and scrambled it to make a type specimen book. It has survived not only five centuries, ",
      "ome" : "Rejected",
      "status" : "Rejected",
      "status_code" : "bg-danger"
    },
    {
      "id" : "4",
      "title" : "Lorem Ipsum is simply dummy text of the printing and typesetting industry. Lorem Ipsum has been the industry's standard dummy text ever since the 1500s, when an unknown printer took a galley of type and scrambled it to make a type specimen book. It has survived not only five centuries, ",
      "ome" : "Success",
      "status" : "Success",
      "status_code" : "bg-danger"
    },
    {
      "id" : "5",
      "title" : "Lorem Ipsum is simply dummy text of the printing and typesetting industry. Lorem Ipsum has been the industry's standard dummy text ever since the 1500s, when an unknown printer took a galley of type and scrambled it to make a type specimen book. It has survived not only five centuries, ",
      "ome" : "Rejecteds",
      "status" : "Rejecteds",
      "status_code" : "bg-danger"
    },
    {
      "id" : "6",
      "title" : "Lorem Ipsum is simply dummy text of the printing and typesetting industry. Lorem Ipsum has been the industry's standard dummy text ever since the 1500s, when an unknown printer took a galley of type and scrambled it to make a type specimen book. It has survived not only five centuries, ",
      "ome" : "Rejected",
      "status" : "Rejected",
      "status_code" : "bg-danger"
    },
    {
      "id" : "7",
      "title" : "Lorem Ipsum is simply dummy text of the printing and typesetting industry. Lorem Ipsum has been the industry's standard dummy text ever since the 1500s, when an unknown printer took a galley of type and scrambled it to make a type specimen book. It has survived not only five centuries, ",
      "ome" : "Rejected",
      "status" : "Rejected",
      "status_code" : "bg-danger"
    },
    {
      "id" : "8",
      "title" : "Lorem Ipsum is simply dummy text of the printing and typesetting industry. Lorem Ipsum has been the industry's standard dummy text ever since the 1500s, when an unknown printer took a galley of type and scrambled it to make a type specimen book. It has survived not only five centuries, ",
      "ome" : "Rejected",
      "status" : "Rejected",
      "status_code" : "bg-danger"
    },
    {
      "id" : "9",
      "title" : "Lorem Ipsum is simply dummy text of the printing and typesetting industry. Lorem Ipsum has been the industry's standard dummy text ever since the 1500s, when an unknown printer took a galley of type and scrambled it to make a type specimen book. It has survived not only five centuries, ",
      "ome" : "Rejected",
      "status" : "Rejected",
      "status_code" : "bg-danger"
    },
    {
      "id" : "10",
      "title" : "Lorem Ipsum is simply dummy text of the printing and typesetting industry. Lorem Ipsum has been the industry's standard dummy text ever since the 1500s, when an unknown printer took a galley of type and scrambled it to make a type specimen book. It has survived not only five centuries, ",
      "ome" : "Rejected",
      "status" : "Rejected",
      "status_code" : "bg-danger"
    },
    {
      "id" : "11",
      "title" : "Lorem Ipsum is simply dummy text of the printing and typesetting industry. Lorem Ipsum has been the industry's standard dummy text ever since the 1500s, when an unknown printer took a galley of type and scrambled it to make a type specimen book. It has survived not only five centuries, ",
      "ome" : "Rejected",
      "status" : "Rejected",
      "status_code" : "bg-danger"
    },
    {
      "id" : "12",
      "title" : "Lorem Ipsum is simply dummy text of the printing and typesetting industry. Lorem Ipsum has been the industry's standard dummy text ever since the 1500s, when an unknown printer took a galley of type and scrambled it to make a type specimen book. It has survived not only five centuries, ",
      "ome" : "Rejected",
      "status" : "Rejected",
      "status_code" : "bg-danger"
    },
    {
      "id" : "13",
      "title" : "Lorem Ipsum is simply dummy text of the printing and typesetting industry. Lorem Ipsum has been the industry's standard dummy text ever since the 1500s, when an unknown printer took a galley of type and scrambled it to make a type specimen book. It has survived not only five centuries, ",
      "ome" : "Rejected",
      "status" : "Rejected",
      "status_code" : "bg-danger"
    },
    {
      "id" : "14",
      "title" : "Lorem Ipsum is simply dummy text of the printing and typesetting industry. Lorem Ipsum has been the industry's standard dummy text ever since the 1500s, when an unknown printer took a galley of type and scrambled it to make a type specimen book. It has survived not only five centuries, ",
      "ome" : "Rejected",
      "status" : "Rejected",
      "status_code" : "bg-danger"
    },
    {
      "id" : "15",
      "title" : "Lorem Ipsum is simply dummy text of the printing and typesetting industry. Lorem Ipsum has been the industry's standard dummy text ever since the 1500s, when an unknown printer took a galley of type and scrambled it to make a type specimen book. It has survived not only five centuries, ",
      "ome" : "Rejected",
      "status" : "Rejected",
      "status_code" : "bg-danger"
    },
    {
      "id" : "16",
      "title" : "Lorem Ipsum is simply dummy text of the printing and typesetting industry. Lorem Ipsum has been the industry's standard dummy text ever since the 1500s, when an unknown printer took a galley of type and scrambled it to make a type specimen book. It has survived not only five centuries, ",
      "ome" : "Rejected",
      "status" : "Rejected",
      "status_code" : "bg-danger"
    },
    {
      "id" : "17",
      "title" : "Lorem Ipsum is simply dummy text of the printing and typesetting industry. Lorem Ipsum has been the industry's standard dummy text ever since the 1500s, when an unknown printer took a galley of type and scrambled it to make a type specimen book. It has survived not only five centuries, ",
      "ome" : "Rejected",
      "status" : "Rejected",
      "status_code" : "bg-danger"
    },
    {
      "id" : "18",
      "title" : "Lorem Ipsum is simply dummy text of the printing and typesetting industry. Lorem Ipsum has been the industry's standard dummy text ever since the 1500s, when an unknown printer took a galley of type and scrambled it to make a type specimen book. It has survived not only five centuries, ",
      "ome" : "Rejected",
      "status" : "Rejected",
      "status_code" : "bg-danger"
    },
    {
      "id" : "19",
      "title" : "Lorem Ipsum is simply dummy text of the printing and typesetting industry. Lorem Ipsum has been the industry's standard dummy text ever since the 1500s, when an unknown printer took a galley of type and scrambled it to make a type specimen book. It has survived not only five centuries, ",
      "ome" : "Rejected",
      "status" : "Rejected",
      "status_code" : "bg-danger"
    },
    {
      "id" : "20",
      "title" : "Lorem Ipsum is simply dummy text of the printing and typesetting industry. Lorem Ipsum has been the industry's standard dummy text ever since the 1500s, when an unknown printer took a galley of type and scrambled it to make a type specimen book. It has survived not only five centuries, ",
      "ome" : "Rejected",
      "status" : "Rejected",
      "status_code" : "bg-danger"
    },
    {
      "id" : "21",
      "title" : "Lorem Ipsum is simply dummy text of the printing and typesetting industry. Lorem Ipsum has been the industry's standard dummy text ever since the 1500s, when an unknown printer took a galley of type and scrambled it to make a type specimen book. It has survived not only five centuries, ",
      "ome" : "Rejected",
      "status" : "Rejected",
      "status_code" : "bg-danger"
    },
    {
      "id" : "22",
      "title" : "Lorem Ipsum is simply dummy text of the printing and typesetting industry. Lorem Ipsum has been the industry's standard dummy text ever since the 1500s, when an unknown printer took a galley of type and scrambled it to make a type specimen book. It has survived not only five centuries, ",
      "ome" : "Rejected",
      "status" : "Rejected",
      "status_code" : "bg-danger"
    },
    {
      "id" : "23",
      "title" : "Lorem Ipsum is simply dummy text of the printing and typesetting industry. Lorem Ipsum has been the industry's standard dummy text ever since the 1500s, when an unknown printer took a galley of type and scrambled it to make a type specimen book. It has survived not only five centuries, ",
      "ome" : "Rejected",
      "status" : "Rejected",
      "status_code" : "bg-danger"
    },
    {
      "id" : "24",
      "title" : "Lorem Ipsum is simply dummy text of the printing and typesetting industry. Lorem Ipsum has been the industry's standard dummy text ever since the 1500s, when an unknown printer took a galley of type and scrambled it to make a type specimen book. It has survived not only five centuries, ",
      "ome" : "Rejected",
      "status" : "Rejected",
      "status_code" : "bg-danger"
    },
    {
      "id" : "25",
      "title" : "Lorem Ipsum is simply dummy text of the printing and typesetting industry. Lorem Ipsum has been the industry's standard dummy text ever since the 1500s, when an unknown printer took a galley of type and scrambled it to make a type specimen book. It has survived not only five centuries, ",
      "ome" : "Rejected",
      "status" : "Rejected",
      "status_code" : "bg-danger"
    },
    {
      "id" : "26",
      "title" : "Lorem Ipsum is simply dummy text of the printing and typesetting industry. Lorem Ipsum has been the industry's standard dummy text ever since the 1500s, when an unknown printer took a galley of type and scrambled it to make a type specimen book. It has survived not only five centuries, ",
      "ome" : "Rejected",
      "status" : "Rejected",
      "status_code" : "bg-danger"
    },
    {
      "id" : "27",
      "title" : "Lorem Ipsum is simply dummy text of the printing and typesetting industry. Lorem Ipsum has been the industry's standard dummy text ever since the 1500s, when an unknown printer took a galley of type and scrambled it to make a type specimen book. It has survived not only five centuries, ",
      "ome" : "Rejected",
      "status" : "Rejected",
      "status_code" : "bg-danger"
    },
    {
      "id" : "28",
      "title" : "Lorem Ipsum is simply dummy text of the printing and typesetting industry. Lorem Ipsum has been the industry's standard dummy text ever since the 1500s, when an unknown printer took a galley of type and scrambled it to make a type specimen book. It has survived not only five centuries, ",
      "ome" : "Rejected",
      "status" : "Rejected",
      "status_code" : "bg-danger"
    },
    {
      "id" : "29",
      "title" : "Lorem Ipsum is simply dummy text of the printing and typesetting industry. Lorem Ipsum has been the industry's standard dummy text ever since the 1500s, when an unknown printer took a galley of type and scrambled it to make a type specimen book. It has survived not only five centuries, ",
      "ome" : "Rejected",
      "status" : "Rejected",
      "status_code" : "bg-danger"
    },
    {
      "id" : "30",
      "title" : "Lorem Ipsum is simply dummy text of the printing and typesetting industry. Lorem Ipsum has been the industry's standard dummy text ever since the 1500s, when an unknown printer took a galley of type and scrambled it to make a type specimen book. It has survived not only five centuries, ",
      "ome" : "Rejected",
      "status" : "Rejected",
      "status_code" : "bg-danger"
    },
    {
      "id" : "31",
      "title" : "Lorem Ipsum is simply dummy text of the printing and typesetting industry. Lorem Ipsum has been the industry's standard dummy text ever since the 1500s, when an unknown printer took a galley of type and scrambled it to make a type specimen book. It has survived not only five centuries, ",
      "ome" : "Rejected",
      "status" : "Rejected",
      "status_code" : "bg-danger"
    },
    {
      "id" : "32",
      "title" : "Lorem Ipsum is simply dummy text of the printing and typesetting industry. Lorem Ipsum has been the industry's standard dummy text ever since the 1500s, when an unknown printer took a galley of type and scrambled it to make a type specimen book. It has survived not only five centuries, ",
      "ome" : "Rejected",
      "status" : "Rejected",
      "status_code" : "bg-danger"
    },
    {
      "id" : "33",
      "title" : "Lorem Ipsum is simply dummy text of the printing and typesetting industry. Lorem Ipsum has been the industry's standard dummy text ever since the 1500s, when an unknown printer took a galley of type and scrambled it to make a type specimen book. It has survived not only five centuries, ",
      "ome" : "Rejected",
      "status" : "Rejected",
      "status_code" : "bg-danger"
    },
    {
      "id" : "34",
      "title" : "Lorem Ipsum is simply dummy text of the printing and typesetting industry. Lorem Ipsum has been the industry's standard dummy text ever since the 1500s, when an unknown printer took a galley of type and scrambled it to make a type specimen book. It has survived not only five centuries, ",
      "ome" : "Rejected",
      "status" : "Rejected",
      "status_code" : "bg-danger"
    },
    {
      "id" : "35",
      "title" : "Lorem Ipsum is simply dummy text of the printing and typesetting industry. Lorem Ipsum has been the industry's standard dummy text ever since the 1500s, when an unknown printer took a galley of type and scrambled it to make a type specimen book. It has survived not only five centuries, ",
      "ome" : "Rejected",
      "status" : "Rejected",
      "status_code" : "bg-danger"
    },
    {
      "id" : "36",
      "title" : "Lorem Ipsum is simply dummy text of the printing and typesetting industry. Lorem Ipsum has been the industry's standard dummy text ever since the 1500s, when an unknown printer took a galley of type and scrambled it to make a type specimen book. It has survived not only five centuries, ",
      "ome" : "Rejected",
      "status" : "Rejected",
      "status_code" : "bg-danger"
    },
    {
      "id" : "37",
      "title" : "Lorem Ipsum is simply dummy text of the printing and typesetting industry. Lorem Ipsum has been the industry's standard dummy text ever since the 1500s, when an unknown printer took a galley of type and scrambled it to make a type specimen book. It has survived not only five centuries, ",
      "ome" : "Rejected",
      "status" : "Rejected",
      "status_code" : "bg-danger"
    },
    {
      "id" : "38",
      "title" : "Lorem Ipsum is simply dummy text of the printing and typesetting industry. Lorem Ipsum has been the industry's standard dummy text ever since the 1500s, when an unknown printer took a galley of type and scrambled it to make a type specimen book. It has survived not only five centuries, ",
      "ome" : "Rejected",
      "status" : "Rejected",
      "status_code" : "bg-danger"
    },
    {
      "id" : "39",
      "title" : "Lorem Ipsum is simply dummy text of the printing and typesetting industry. Lorem Ipsum has been the industry's standard dummy text ever since the 1500s, when an unknown printer took a galley of type and scrambled it to make a type specimen book. It has survived not only five centuries, ",
      "ome" : "Rejected",
      "status" : "Rejected",
      "status_code" : "bg-danger"
    },
    {
      "id" : "40",
      "title" : "Lorem Ipsum is simply dummy text of the printing and typesetting industry. Lorem Ipsum has been the industry's standard dummy text ever since the 1500s, when an unknown printer took a galley of type and scrambled it to make a type specimen book. It has survived not only five centuries, ",
      "ome" : "Rejected",
      "status" : "Rejected",
      "status_code" : "bg-danger"
    },
    {
      "id" : "41",
      "title" : "Lorem Ipsum is simply dummy text of the printing and typesetting industry. Lorem Ipsum has been the industry's standard dummy text ever since the 1500s, when an unknown printer took a galley of type and scrambled it to make a type specimen book. It has survived not only five centuries, ",
      "ome" : "Rejected",
      "status" : "Rejected",
      "status_code" : "bg-danger"
    },
    {
      "id" : "42",
      "title" : "Lorem Ipsum is simply dummy text of the printing and typesetting industry. Lorem Ipsum has been the industry's standard dummy text ever since the 1500s, when an unknown printer took a galley of type and scrambled it to make a type specimen book. It has survived not only five centuries, ",
      "ome" : "Rejected",
      "status" : "Rejected",
      "status_code" : "bg-danger"
    },
    {
      "id" : "43",
      "title" : "Lorem Ipsum is simply dummy text of the printing and typesetting industry. Lorem Ipsum has been the industry's standard dummy text ever since the 1500s, when an unknown printer took a galley of type and scrambled it to make a type specimen book. It has survived not only five centuries, ",
      "ome" : "Rejected",
      "status" : "Rejected",
      "status_code" : "bg-danger"
    },
    {
      "id" : "44",
      "title" : "Lorem Ipsum is simply dummy text of the printing and typesetting industry. Lorem Ipsum has been the industry's standard dummy text ever since the 1500s, when an unknown printer took a galley of type and scrambled it to make a type specimen book. It has survived not only five centuries, ",
      "ome" : "Rejected",
      "status" : "Rejected",
      "status_code" : "bg-danger"
    },
    {
      "id" : "45",
      "title" : "Lorem Ipsum is simply dummy text of the printing and typesetting industry. Lorem Ipsum has been the industry's standard dummy text ever since the 1500s, when an unknown printer took a galley of type and scrambled it to make a type specimen book. It has survived not only five centuries, ",
      "ome" : "Rejected",
      "status" : "Rejected",
      "status_code" : "bg-danger"
    }                                                  
  ]