[
  {
    "project": 169,
    "projectname": 1,
    "itemtype": 1,
    "itemtypename": 1,
    "itemid": 1,
    "gid": "R0001",
    "name": "1 <h1>This is a long</h1> text with<div style='color':'red;'>hello</div>a <b>line</b> break in the mgiddle.\nHere is the second line. Here is the fourth line comes here",
    "description": "1 <h1>This is a long</h1> text with<div style='color':'red;'>hello</div>a <b>line</b> break in the mgiddle.\nHere is the second line. Here is the fourth line comes here"
 }
 ]